{
  "timestamp": "2025-10-23T06:20:40.670615",
  "summary": {
    "classification": {
      "best_model": "XGBoost",
      "best_cv_score": 0.9922535084812877,
      "total_models": 4
    },
    "survival": {
      "best_model": "CatBoost",
      "best_cv_score": 0.9949299018248835,
      "total_models": 4
    },
    "symptom": {
      "best_model": "CatBoost",
      "best_cv_score": 0.8540966782103716,
      "total_models": 4
    }
  },
  "detailed_results": {
    "classification": {
      "CatBoost": {
        "accuracy": 0.9871504157218443,
        "f1_score": 0.9871553587344611,
        "cv_mean": 0.9905571293673276,
        "cv_std": 0.0
      },
      "XGBoost": {
        "accuracy": 0.9901738473167044,
        "f1_score": 0.9901738346854381,
        "cv_mean": 0.9922535084812877,
        "cv_std": 0.0024188309991069004
      },
      "Random Forest": {
        "accuracy": 0.9863945578231292,
        "f1_score": 0.9863662614947275,
        "cv_mean": 0.9825560793529101,
        "cv_std": 0.0052963667579367605
      },
      "Logistic Regression": {
        "accuracy": 0.8881330309901738,
        "f1_score": 0.887048492107201,
        "cv_mean": 0.8857603776911462,
        "cv_std": 0.012534890050296956
      }
    },
    "survival": {
      "CatBoost": {
        "mae": 1.5151185797488884,
        "r2_score": 0.9944619528320108,
        "cv_mean": 0.9949299018248835,
        "cv_std": 0.0
      },
      "XGBoost": {
        "mae": 1.551498499274733,
        "r2_score": 0.9940702252589382,
        "cv_mean": 0.9940798135524924,
        "cv_std": 0.0002319236369183405
      },
      "Random Forest": {
        "mae": 3.499536561046637,
        "r2_score": 0.9595366214179941,
        "cv_mean": 0.9577447335973497,
        "cv_std": 0.0016013298068345775
      },
      "Ridge Regression": {
        "mae": 2.088256746728033,
        "r2_score": 0.9888604082260067,
        "cv_mean": 0.9888696762420295,
        "cv_std": 0.0002100349020634201
      }
    },
    "symptom": {
      "CatBoost": {
        "mae": 0.24528120272614534,
        "r2_score": 0.8541480896205689,
        "cv_mean": 0.8540966782103716,
        "cv_std": 0.0
      },
      "XGBoost": {
        "mae": 0.25184928826316133,
        "r2_score": 0.8446632406493328,
        "cv_mean": 0.8423104431915215,
        "cv_std": 0.00317021958774333
      },
      "Random Forest": {
        "mae": 0.278076873707006,
        "r2_score": 0.7980027264915873,
        "cv_mean": 0.7859050628718098,
        "cv_std": 0.008889115858717298
      },
      "Ridge Regression": {
        "mae": 0.38291609278613425,
        "r2_score": 0.5405160050875457,
        "cv_mean": 0.5490046313558347,
        "cv_std": 0.02186676367419184
      }
    }
  }
}