{
  "timestamp": "2025-10-23T01:05:01.549506",
  "summary": {
    "classification": {
      "best_model": "XGBoost",
      "best_cv_score": 0.9922535084812877,
      "total_models": 4
    },
    "survival": {
      "best_model": "CatBoost",
      "best_cv_score": 0.9949299018248835,
      "total_models": 4
    },
    "symptom": {
      "best_model": "XGBoost",
      "best_cv_score": 0.858427156896943,
      "total_models": 3
    }
  },
  "detailed_results": {
    "classification": {
      "CatBoost": {
        "accuracy": 0.9871504157218443,
        "f1_score": 0.9871553587344611,
        "cv_mean": 0.9905571293673276,
        "cv_std": 0.0
      },
      "XGBoost": {
        "accuracy": 0.9901738473167044,
        "f1_score": 0.9901738346854381,
        "cv_mean": 0.9922535084812877,
        "cv_std": 0.0024188309991069004
      },
      "Random Forest": {
        "accuracy": 0.9863945578231292,
        "f1_score": 0.9863662614947275,
        "cv_mean": 0.9825560793529101,
        "cv_std": 0.0052963667579367605
      },
      "Logistic Regression": {
        "accuracy": 0.8881330309901738,
        "f1_score": 0.887048492107201,
        "cv_mean": 0.8857603776911462,
        "cv_std": 0.012534890050296956
      }
    },
    "survival": {
      "CatBoost": {
        "mae": 1.5151185797488884,
        "r2_score": 0.9944619528320108,
        "cv_mean": 0.9949299018248835,
        "cv_std": 0.0
      },
      "XGBoost": {
        "mae": 1.551498499274733,
        "r2_score": 0.9940702252589382,
        "cv_mean": 0.9940798135524924,
        "cv_std": 0.0002319236369183405
      },
      "Random Forest": {
        "mae": 3.4995365610466376,
        "r2_score": 0.9595366214179941,
        "cv_mean": 0.9577447335973497,
        "cv_std": 0.0016013298068345775
      },
      "Ridge Regression": {
        "mae": 2.088256746728033,
        "r2_score": 0.9888604082260067,
        "cv_mean": 0.9888696762420295,
        "cv_std": 0.0002100349020634201
      }
    },
    "symptom": {
      "Ridge Regression": {
        "mae": 0.3827297304204784,
        "r2_score": 0.5413830034848817,
        "cv_mean": 0.5483828289034383,
        "cv_std": 0.017580713288167613
      },
      "Random Forest": {
        "mae": 0.24689677404578025,
        "r2_score": 0.8484006555595172,
        "cv_mean": 0.8413256671954606,
        "cv_std": 0.009524643542012516
      },
      "XGBoost": {
        "mae": 0.24203810840793896,
        "r2_score": 0.8597226641182658,
        "cv_mean": 0.858427156896943,
        "cv_std": 0.008662392313699857
      }
    }
  }
}